{"stats":{"minecraft:dropped":{"minecraft:white_concrete":1},"minecraft:custom":{"minecraft:time_since_rest":597,"minecraft:sprint_one_cm":100087,"minecraft:damage_taken":680,"minecraft:walk_one_cm":101007,"minecraft:interact_with_anvil":3,"minecraft:mob_kills":2,"minecraft:drop":1,"minecraft:damage_dealt":200,"minecraft:interact_with_crafting_table":39,"minecraft:fly_one_cm":104607,"minecraft:open_chest":22,"minecraft:crouch_one_cm":6096,"minecraft:play_one_minute":50922,"minecraft:deaths":23,"minecraft:sneak_time":3509,"minecraft:jump":621,"minecraft:leave_game":1,"minecraft:time_since_death":570,"minecraft:fall_one_cm":6868},"minecraft:crafted":{"minecraft:golden_axe":7,"minecraft:oak_planks":4,"minecraft:diamond_sword":3,"minecraft:iron_axe":3,"minecraft:crafting_table":1,"minecraft:iron_pickaxe":9,"minecraft:iron_shovel":3,"minecraft:golden_shovel":5,"minecraft:bucket":6,"minecraft:diamond_shovel":1},"minecraft:mined":{"minecraft:fire":8},"minecraft:used":{"minecraft:crimson_button":1,"minecraft:command_block":19,"minecraft:barrier":67,"minecraft:redstone":5,"minecraft:oak_button":6,"minecraft:stone_button":1,"minecraft:oak_sign":17,"minecraft:stone":20,"minecraft:ocelot_spawn_egg":1,"minecraft:repeater":3,"minecraft:anvil":1,"minecraft:comparator":5,"minecraft:crafting_table":8,"minecraft:chain_command_block":8,"minecraft:white_concrete":1128},"minecraft:killed":{"minecraft:ocelot":2},"minecraft:picked_up":{"minecraft:stick":8,"minecraft:chain_command_block":6,"minecraft:stone":1,"minecraft:repeater":1,"minecraft:anvil":1,"minecraft:redstone":1,"minecraft:ocelot_spawn_egg":1,"minecraft:name_tag":1,"minecraft:command_block":4,"minecraft:comparator":1,"minecraft:iron_ingot":4,"minecraft:white_concrete":3,"minecraft:gold_ingot":1,"minecraft:oak_button":3}},"DataVersion":2567}